"","out.1","out.2"
"nHMM.1",-12.7569598163228,23.9301602304823
"nHMM.2",12.8192327638458,-5.38683958291166
"nHMM.3",13.0310736311315,-7.13002290063223
"nHMM.4",7.61745462610392,2.31161380668246
