"","nHMM.1","nHMM.2","nHMM.3","nHMM.4"
"in.ctx",0.222488651750609,-0.215659260051325,-0.436797867063433,-0.314974110806361
"in.V1",-0.193475656251446,0.488668438455677,0.853641446824412,0.193556342562027
"in.V2",-0.713912624602388,0.622899023746632,0.169457313651051,0.608256513800975
"in.V3",-0.462075144694514,0.857352299791346,0.654075218855209,0.535490486874562
"in.V4",-0.695925579687795,1.36304388985106,0.596324659413128,-0.0130240668381159
"in.V5",0.529562691393257,-0.587108770558426,-0.857099765494707,0.346581086312407
"in.V6",1.14770777294753,-0.442088480199808,-0.218300109342924,-0.181116451755454
"in.V7",1.22434404559055,-0.246641962525023,-0.48613892701721,0.117070168807508
"in.V8",0.879466502234167,-0.21468004797382,-0.789078800823106,-0.284934519674448
