"","nHMM.1","nHMM.2","nHMM.3","nHMM.4"
"in.ctx",0.222488651750609,-0.215659260051325,-0.436797867063433,-0.314974110806361
"in.V1",0.641536037702236,-0.451589781580005,-0.0111396881489173,0.0503909909694519
"in.V2",0.175665879223492,-0.699974811908158,-0.686511532179488,0.552022507573999
"in.V3",0.468565811400073,-0.511302862465413,-0.304011948055853,0.311860727032507
"in.V4",0.325786949218062,-0.513845799088863,-0.582027542411803,0.07350141331977
"in.V5",-0.38000276736996,0.609697681672032,-0.411655915036498,0.720676821796111
"in.V6",-0.00236980529371821,0.698982480671981,0.569603954651284,-0.022283065849907
"in.V7",0.0592060943768602,1.01620539518009,0.131884077822863,0.172422815342001
"in.V8",-0.046202130220058,1.09213707956102,-0.444165700189506,-0.0743938688031716
