"","out.1","out.2"
"nHMM.1",-17.4924081526008,30.5757275988009
"nHMM.2",21.5135034206369,-15.3283434733104
"nHMM.3",11.7374612985407,-5.79568568394836
"nHMM.4",4.0994056846196,7.63018459584143
