"","out.1","out.2"
"nHMM.1",2.88307299426798,2.45461312820479
"nHMM.2",-1.3215992022945,9.54504870563543
"nHMM.3",19.4445443695144,-14.0014789802612
"nHMM.4",-6.11994638935685,17.9987143334268
