"","out.1","out.2"
"nHMM.1",-0.879524687294918,6.56136940786523
"nHMM.2",-2.50350998600446,11.2868492977283
"nHMM.3",27.9682338539736,-23.661393783205
"nHMM.4",-7.84938849413753,21.1023265031439
