"","out.1","out.2"
"nHMM.1",18.704772839058,-10.5505196720002
"nHMM.2",3.64568778951184,4.54411937179777
"nHMM.3",-18.5795002845779,30.7252001645718
"nHMM.4",19.1335830588722,-12.8814831077483
