"","out.1","out.2"
"nHMM.1",12.402629769388,-6.01058500540839
"nHMM.2",2.71283203128903,4.45741539030931
"nHMM.3",-10.929102902661,21.1067962686193
"nHMM.4",13.7485023358056,-7.91757142160481
