"","nHMM.1","nHMM.2","nHMM.3","nHMM.4"
"in.ctx",0.0441243364475667,-0.0773931660223752,0.0886463348288089,-0.0653156144544482
"in.V1",-0.159694312808619,0.280786962486082,0.825859140717795,-0.627484014515665
"in.V2",-0.646568557133362,0.344914738773963,0.752319798555106,-0.359487751468919
"in.V3",-0.287879765259623,0.0465357807670709,0.82935112978667,-0.483955882651409
"in.V4",-0.406867211072912,0.242162978752228,0.737065147321737,-0.583850451582966
"in.V5",0.702502855202119,0.0573319640474065,-0.154544334535026,0.51154140672872
"in.V6",0.880030948772864,0.463112004634134,-0.309259075359363,0.075314664082709
"in.V7",0.546649677758288,0.289572746342506,-0.595744245282669,0.0821993828017779
"in.V8",-0.137319143393855,0.728714018596479,-0.191035100852167,1.0823632322272
