"","nHMM.1","nHMM.2","nHMM.3","nHMM.4"
"in.ctx",0.0441243364475667,-0.0773931660223752,0.0886463348288089,-0.0653156144544482
"in.V1",1.53586286293266,0.388772764671582,-0.581031889331698,0.727496626748879
"in.V2",0.29806197440801,0.394223791687208,-0.620302786206155,1.63118025491603
"in.V3",0.897248014169599,0.0564965292957585,-0.486343640883986,0.849630565689335
"in.V4",1.19596196578824,0.279357289515176,-0.735657236689216,1.31142648874833
"in.V5",-0.403017785248089,-0.145757677008742,1.68046152917811,-0.631276685544165
"in.V6",-0.394433327114937,0.190705104803195,1.46393071543421,-0.876612300894974
"in.V7",-0.670967566059412,-0.182953217687152,0.988305536341317,-0.985385652190327
"in.V8",-0.786135490239126,0.545269894972733,1.44069363285608,-0.375768939435597
