"","nHMM.1","nHMM.2","nHMM.3","nHMM.4"
"in.ctx",0.173552927328274,-0.448661807226017,-0.151921092299744,-0.425209962530062
"in.V1",-0.806811207298364,0.57329466404966,0.587695162027404,-0.628320687610847
"in.V2",-0.916338180539029,0.489641577079041,0.693367645295932,-0.468900404003914
"in.V3",-0.639929452979947,-0.0245161743397289,1.20534168999636,-0.678184884835393
"in.V4",-0.545815612872673,0.365935342459855,1.04696279697979,-0.443962461029329
"in.V5",1.06442154965165,-0.511372287932196,0.0554042267209016,1.31629705337847
"in.V6",1.70589734561435,-0.530543630776222,-0.3896005750654,0.348215929713801
"in.V7",0.90110295631222,-0.433887993898026,-0.246834003200158,1.17740469295345
"in.V8",1.29287319953529,-0.344840538484243,-0.199296744091188,1.34670848679641
