"","out.1","out.2"
"nHMM.1",-8.51436693964678,13.9970597064617
"nHMM.2",14.4550292699814,-5.07076763332995
"nHMM.3",19.1754958117846,-8.32929081517013
"nHMM.4",-6.80733356923461,12.430818521585
