"","nHMM.1","nHMM.2","nHMM.3","nHMM.4"
"in.ctx",0.173552927328274,-0.448661807226017,-0.151921092299744,-0.425209962530062
"in.V1",0.64988839926729,-0.367384876436526,-0.0399740171159087,0.677891560530155
"in.V2",0.275337930511348,-0.386872662906516,0.00208065003244635,1.05202577014472
"in.V3",1.05232089301896,-0.64189600958543,0.237676996399619,0.396117531788559
"in.V4",0.945043599421959,-0.334620862836162,0.185535075017258,0.677519130678503
"in.V5",-0.362988063726777,-0.0230502476062482,0.74946352649625,-0.0415213426809533
"in.V6",-0.373479793343209,0.0395715147144205,0.49861388464922,-0.571105914374224
"in.V7",-0.523023056130761,0.147254400734339,0.537383363778325,-0.162599130738689
"in.V8",-0.406799234471779,0.32604646077805,0.510828349700102,-0.132177728239391
