"","out.1","out.2"
"nHMM.1",-14.4299111669842,20.3624804964465
"nHMM.2",19.9339746598759,-9.02173795652871
"nHMM.3",26.0479052676842,-13.4589030917511
"nHMM.4",-11.5278904989871,17.8112585688864
