"","nHMM.1","nHMM.2","nHMM.3","nHMM.4"
"in.ctx",-0.194486043648794,-0.416892609093338,0.449695719173178,-0.21019659540616
"in.V1",-0.672540682323136,-1.19450843608496,-0.252249225073186,0.595056947313433
"in.V2",-0.525773974193004,-1.22248505476104,-0.246961905151007,0.652651870474457
"in.V3",-0.848732970483552,-1.07227746883977,-0.23501727424849,0.681723095128851
"in.V4",-0.857432298091886,-0.887177958531826,-0.214246019870354,0.761305956243249
"in.V5",0.270317867700817,1.70860603155162,0.295264977870025,0.478748347986732
"in.V6",1.09396109739133,0.877991353082879,0.174028205549892,0.103402806083713
"in.V7",1.03217475401624,1.41405725720392,0.140384837341779,0.181371139063048
"in.V8",0.577989904882498,0.938697089074971,0.814322235501174,0.113632219396563
