"","nHMM.1","nHMM.2","nHMM.3","nHMM.4"
"in.ctx",-0.194486043648794,-0.416892609093338,0.449695719173178,-0.21019659540616
"in.V1",0.328833627771433,0.251539657356097,1.32118213935861,0.396041873818212
"in.V2",0.651500818519906,0.131986663904205,1.22736875146447,0.37698325437821
"in.V3",-0.0793407646506549,0.61433016587228,1.28664236740034,0.46839335770791
"in.V4",-0.213294448481086,0.919162931791035,1.06399616967808,0.554302408702721
"in.V5",-0.562618488500571,-0.645452344024418,-0.513597755389229,0.693501672931779
"in.V6",-0.332855625666186,-1.01588776830082,-0.600914289819624,0.594717812638741
"in.V7",-0.365293187864138,-0.914358795669116,-0.64397287020522,0.624979832034824
"in.V8",-0.53089770358849,-0.997149510101349,-0.30436292415478,0.5675495339443
