"","out.1","out.2"
"nHMM.1",-3.32857042125141,8.97964316459206
"nHMM.2",-16.9289916145759,16.5037197992737
"nHMM.3",-8.02155051430509,11.7579361413046
"nHMM.4",30.5580077472223,-11.3015405807783
