"","out.1","out.2"
"nHMM.1",-5.28095320373528,10.6041571817484
"nHMM.2",-13.9177389747078,14.7940170792674
"nHMM.3",7.9005218841686,1.74539276162633
"nHMM.4",22.475960459648,-6.66962969471204
