"","out.1","out.2"
"nHMM.1",0.409004564532459,12.5463412309132
"nHMM.2",18.2333671427814,-15.0844096019918
"nHMM.3",-0.446119994764181,10.0522062871955
"nHMM.4",-3.24401315251503,12.072909286664
