"","out.1","out.2"
"nHMM.1",5.39200426290069,6.85123659524768
"nHMM.2",21.7440763434551,-20.0969124143505
"nHMM.3",-0.291412476127037,10.4723943059744
"nHMM.4",-8.81475661559431,19.381413319698
