"","nHMM.1","nHMM.2","nHMM.3","nHMM.4"
"in.ctx",-0.217405369970948,0.105589946731925,0.465978858759627,-0.391553635243326
"in.V1",-0.0701956960122218,1.38697183720818,0.241659092999067,0.150219829196693
"in.V2",0.328141449248972,1.51387879335163,-0.0537208223290817,0.201666029635125
"in.V3",0.507748314683297,0.936138867967806,0.192979923350121,-0.548623638854453
"in.V4",0.722787319546799,1.13983568321187,0.0959939552085482,-0.255719181630371
"in.V5",0.193994337811569,-0.945021580142044,0.367229274700486,0.142359618537328
"in.V6",0.463235874837679,-0.825164127600318,0.0984944905234117,-0.194730381462775
"in.V7",0.122137166374018,-0.777913584910241,0.202345780258791,0.825082353173606
"in.V8",0.66361807419532,-0.898155074812699,-0.332962541078351,-0.121623103972009
