"","out.1","out.2"
"nHMM.1",-10.4671400565476,20.0706237727063
"nHMM.2",-4.09911129271829,10.1922038901021
"nHMM.3",29.58099069359,-22.0743132747959
"nHMM.4",-6.17408302050256,15.2975299536702
