"","out.1","out.2"
"nHMM.1",-4.99828611888577,13.0782842267697
"nHMM.2",-2.59258329053566,8.46262378583296
"nHMM.3",20.706912815151,-13.5596973807363
"nHMM.4",-4.73121120119567,13.2646495282948
