"","nHMM.1","nHMM.2","nHMM.3","nHMM.4"
"in.ctx",0.284550051437691,0.48462648736313,0.37786453962326,-0.436602697707713
"in.V1",-0.0449689281690672,-0.325789959653042,1.43689065689502,-0.190559594537234
"in.V2",0.00598407029107385,-0.706020075484477,1.4521605022,-0.138556889623797
"in.V3",-0.589199304495035,-0.611028780341939,1.34364588779543,0.597907117572071
"in.V4",0.0857444811360869,-0.149632481910769,1.65146602213905,0.0302726817989793
"in.V5",0.0824877728785107,0.738202320645321,-0.663086449396156,1.02595501048537
"in.V6",0.0198394724495243,0.0554960020688463,-0.466415208746529,1.18941203548962
"in.V7",1.10362919391443,-0.429676876904576,-0.599703634623074,0.317027830304607
"in.V8",1.20271494300325,0.275614857106054,-0.472578581901985,0.379303684014842
