"","nHMM.1","nHMM.2","nHMM.3","nHMM.4"
"in.ctx",0.2527418541722,-0.489604210481048,-0.0468348662834615,-0.0301566543057561
"in.V1",1.44917182482628,-0.00894218323952967,-0.805893894205595,-0.104811205172603
"in.V2",1.33288810816183,0.0745199419099278,-0.845932222524331,-0.08263361671825
"in.V3",1.38709188202187,-0.00624173821991611,-0.672000228736154,0.013876038681592
"in.V4",1.94826661923149,-0.610144684735051,-0.34641819607979,0.00749438220813855
"in.V5",-0.664516142943961,1.24189941386173,0.0731495882314386,0.460746474116612
"in.V6",-0.607960458656892,1.03404851825475,0.83699710167679,0.936590849408132
"in.V7",-0.856569495606308,0.386787085828709,1.41870128958299,0.984587152290703
"in.V8",-0.743193874355984,0.473760576025208,0.996879967933001,0.420677537966556
