"","out.1","out.2"
"nHMM.1",30.6457618900436,-20.4876435412915
"nHMM.2",-8.24425975103478,16.7371799589822
"nHMM.3",-8.13586158107101,14.6380964316614
"nHMM.4",-5.77161570128029,13.6661756647425
