"","nHV.1","nHV.2","nHMM.3","nHMM.4","nHMM.5","nHMM.6","nHA.7","nHA.8"
"in.ctx","1.12961913733159","0.913585466295742","1.23304235025099","2.28781642882456","0.142914276428089","1.41765309354958","0.842927450850789","1.73744226880536"
"in.V1","-1.29364559423021","1.91931719874074","-1.88907137831399","3.19718067254883","-0.230423683303533","-1.87855619248355","0","0"
"in.V2","3.20303332391559","0.298054464589582","1.21607525797873","-0.897318210567244","1.97520265770085","-0.486477698658261","0","0"
"in.A1","0","0","2.82175301198332","-1.73605122611171","-0.0275983618730749","3.61544277171056","-0.426697453485739","0.431002078541359"
"in.A2","0","0","1.22139915760861","-1.11426835525146","1.72842142679193","-0.887088271975607","-0.775655715879668","-1.57299250508321"
"","","","","","","","",""
"out.1","-5.2946643317109","2.24997734174404","-7.23985638297679","8.51097904510472","-1.990586299682","-10.1974883065243","-1.5866215671369","0.121467947340113"
"out.2","-3.38399401505231","-1.12928248827528","1.51224740391945","-11.675514196812","-2.9110578565056","10.0783232608147","-1.61301217205994","0.499788304106813"
"out.3","3.25932809086615","-1.65530025064854","4.01487319324551","-12.5477218926751","4.75947316690949","-9.04376215752602","-3.66884519009985","-5.58269801350696"
