"","out.1","out.2"
"nHMM.1",20.7836932390035,-12.2369379346519
"nHMM.2",-3.59383496994883,11.2610048057889
"nHMM.3",-6.87607301289994,12.4341338414584
"nHMM.4",-2.013890963293,8.71291594700568
