"","nHV.1","nHV.2","nHMM.3","nHMM.4","nHMM.5","nHMM.6","nHA.7","nHA.8"
"in.ctx","-0.165629676397332","0.830164236018391","1.26644088400744","0.218792123755949","0.277039518854149","0.846406129350999","0.710949661177012","1.4871145005133"
"in.A","0.180467642581564","3.0812303737042","-1.06138186197511","-0.691546907062236","-0.440668967088142","2.3086508697899","0","0"
"in.B","0","0","1.99562983408563","0.69323547707725","1.40878015578652","-1.25334248097961","2.87253884643696","-1.1883325169977"
"","","","","","","","",""
"out.1","-0.00615641661394801","5.68028766370935","-6.80516879864351","-1.91112527174385","-2.33838645248794","5.44012941473141","-8.1604472622796","0.478140753409809"
"out.2","-1.18322771874288","-9.32971131438988","4.71302692018023","1.55599395511948","1.76048569711702","-5.41904712639558","5.5573326584353","-3.67061534365485"
