"","nHMM.1","nHMM.2","nHMM.3","nHMM.4"
"in.ctx",-0.240539560792968,0.224171988666058,-0.487829732708633,-0.221920980606228
"in.V1",0.259812121111224,0.906109619401602,-0.123569575506191,0.87094657612528
"in.V2",1.4071328130723,0.570778406778815,-0.305981582688866,0.191158293456135
"in.V3",0.501440807200447,0.793920932773436,-0.320505816741101,1.28994241091293
"in.V4",0.206540675804863,0.448091108980207,-0.0324593968588628,1.34420196112792
"in.V5",-0.821986829609721,0.0366640389474629,1.35896225425293,-0.515448013135265
"in.V6",-0.935556211316094,-0.524319358037969,0.923995787495515,-0.398917133248482
"in.V7",-1.19489794363679,0.0185002026114587,0.673800596470533,-0.765201806346102
"in.V8",-0.75788932128719,-0.52408633109424,1.10945774937804,-0.749992427832831
