"","nHV.1","nHV.2","nHMM.3","nHMM.4","nHMM.5","nHMM.6","nHA.7","nHA.8"
"in.ctx","0.899844567677714","1.29446537814613","1.18999239607447","1.05966624893548","0.999288922346455","2.09632750141065","0.669654710601945","1.33561870539026"
"in.V1","-0.613534503142055","-1.09244882520948","0.357727359725398","0.0147807501477046","-2.3314250955011","2.9461842709146","0","0"
"in.V2","2.42764012827005","2.25147198808867","-0.879419118148138","-0.633365021599243","-1.07960677525491","-1.28492061742157","0","0"
"in.A1","0","0","0.592687923321195","1.0158706632565","2.94722668504619","-2.08165134380357","-0.368197748876238","-0.755979693978576"
"in.A2","0","0","-0.766543271373496","-0.486095290177852","-0.392124239006534","-0.683642425842768","3.44100844950023","1.81950282810712"
"","","","","","","","",""
"out.1","-3.97645613039922","-3.22995818112945","-1.82977357332478","-4.67531559773004","-11.0485974322416","10.3201448829722","-4.36430037135982","0.224525230994734"
"out.2","-3.03801337593817","-0.371028961457997","4.23245600988015","-0.829238268228753","10.4921978693607","-9.41763385955487","-5.60305152433811","-1.75759592792741"
"out.3","3.75287625932209","0.297886974319019","-7.17665281901161","-7.62626280973165","-7.69599618592707","-11.635374409291","5.83760236097443","0.483839827274315"
