"","nHV.1","nHV.2","nHMM.3","nHMM.4","nHMM.5","nHMM.6","nHA.7","nHA.8"
"in.ctx","-0.0623167040462637","0.0860801825367117","-0.316485799728814","-0.893970981432566","-0.478411777561379","0.436682835846978","0.455538312795352","2.93857333447089"
"in.A","0.311692001420669","0.171273664523385","0.0657077897806309","2.71469873150332","1.66333334106843","1.55398121472685","0","0"
"in.B","0","0","-0.0335748064024299","1.49294449481885","1.81963505381013","-0.912601852298662","-0.0841142277494232","-0.761248402397076"
"","","","","","","","",""
"out.1","-4.54449924435555","-0.209412839861255","-0.840132751272979","8.85122172393741","7.04846745946291","0.233279415468637","-3.50237775678235","-9.99793281314021"
"out.2","-0.847850029709137","-1.13540030871857","-1.45457790914006","9.37028815203757","6.17073048773009","-2.73956478469781","-1.57557199819596","-9.28341505004278"
