"","out.1","out.2"
"nHMM.1",10.3076027432046,-5.86363546831505
"nHMM.2",9.18210714934908,-0.588489631440874
"nHMM.3",-10.9547920004728,24.7043660007504
"nHMM.4",12.569250442184,-7.95376218720931
