"","nHMM.1","nHMM.2","nHMM.3","nHMM.4"
"in.ctx",-0.240539560792968,0.224171988666058,-0.487829732708633,-0.221920980606228
"in.V1",-0.730995940412359,0.269663532622772,0.736332307214888,-0.359221146321011
"in.V2",-0.473084525373846,0.0766920275308899,0.63448440152194,-0.68918163764235
"in.V3",-0.811161082944697,0.141006852349412,0.680952876407706,-0.355526520214966
"in.V4",-0.702311474497829,0.000119582764881575,0.812334480910691,-0.0939810646976673
"in.V5",0.282623115750834,0.558986389299935,0.0803250277982045,0.626348066981534
"in.V6",-0.168723195633815,-0.152320440643387,0.0236526086268759,0.957639485963714
"in.V7",-0.484797067375411,0.804333269181422,-0.219510103329573,0.362823676697983
"in.V8",0.57795514474171,-0.0577458001955549,-0.0350443948645576,0.437168988434474
