"","out.1","out.2"
"nHMM.1",14.5132382640017,-8.9271042359219
"nHMM.2",9.91255726208326,-0.684014143113542
"nHMM.3",-18.2560403100414,32.5760702570649
"nHMM.4",19.8576102064851,-13.8766816423488
