"","nHMM.1","nHMM.2","nHMM.3","nHMM.4"
"in.ctx",-0.115308432839811,-0.161884060362354,0.467531063593924,-0.0386921048630029
"in.V1",0.89840234250025,0.0631509729932079,-0.410620862431663,1.1205795492661
"in.V2",0.457623076584574,0.950202161990315,0.188806401857604,0.778529591072291
"in.V3",0.327229546444224,1.17337240072037,0.111594838067542,0.557566692312831
"in.V4",0.546641591152903,1.11776194908792,-0.375131988122212,0.597137105766772
"in.V5",0.71437641701333,-0.461478939515074,0.0367743030554757,-0.528301664069532
"in.V6",0.660912091759145,0.223200862207133,-0.508920513077187,-0.936142229487412
"in.V7",0.591769155684577,-0.413986354154928,0.471713554797069,-0.399525890307382
"in.V8",0.774185913650417,-0.0843604324100608,-0.283314345468149,-0.621643197529016
