"","nHV.1","nHV.2","nHMM.3","nHMM.4","nHMM.5","nHMM.6","nHA.7","nHA.8"
"in.ctx","2.0529830726834","2.23813411868373","1.57263326497523","1.83760486339149","1.38224402463212","-0.496245366818333","1.9186471822146","-0.629719160776512"
"in.V1","-0.800028945756414","-2.23415309605432","-1.86643670890794","0.451114546410219","3.0550145734599","-1.02716345462059","0","0"
"in.V2","-1.90865157178094","1.87060919256407","0.55088156163637","-1.26155402927797","-0.526287343969675","2.21121006472717","0","0"
"in.A1","0","0","3.23841456262404","2.0271848699695","-1.91195103236931","0.79233359637337","-1.40434006416369","0.082741351242845"
"in.A2","0","0","-0.041537973485829","-1.186916289171","-1.13958065925151","2.33775883015375","-1.11194593146005","-0.272739769651271"
"","","","","","","","",""
"out.1","-1.28143001412738","-4.71831361420059","-11.9505555056176","1.11618577960649","9.17780517006821","-3.45436157629219","1.4449893483012","0.1982264055347"
"out.2","0.997842121031245","-0.924318181440716","8.70884510749878","0.817738631870019","-12.8934869799929","-6.71136226491729","-4.84746779834407","-0.800219052713618"
"out.3","-6.63627501007997","1.50315313597515","-4.35506225791681","-6.48759439235655","-5.95687538961395","11.587000305356","-5.74541250772783","-0.470793174282244"
