"","out.1","out.2"
"nHMM.1",18.0536996689643,-5.2345606405663
"nHMM.2",3.56709176369282,4.15535874678497
"nHMM.3",11.7969750931089,-3.40705999912568
"nHMM.4",-16.4434732333608,18.087016991946
