"","out.1","out.2"
"nHMM.1",23.4011688113767,-8.83654614951898
"nHMM.2",-4.63515369788682,10.4852917723126
"nHMM.3",14.9397040254404,-5.98977066931026
"nHMM.4",-23.3022991263282,23.464209518289
