"","nHMM.1","nHMM.2","nHMM.3","nHMM.4"
"in.ctx",-0.115308432839811,-0.161884060362354,0.467531063593924,-0.0386921048630029
"in.V1",1.02730419111508,-0.482376762790802,-0.332299941017012,-0.85437670734486
"in.V2",0.739819524059002,-0.0301839631456033,0.306266819733599,-1.06559101036996
"in.V3",0.42176050465307,0.0554478815441952,0.252789427296677,-1.1097454820459
"in.V4",0.741660226489647,0.0395178824354455,-0.291225620057808,-1.10511973164677
"in.V5",0.310529347459431,-0.0739444323572348,-0.000766710740960956,1.76537818755446
"in.V6",0.243811410965984,1.31268486062645,-0.549751205581982,1.14245658698462
"in.V7",0.528674646251808,-0.015794379437743,0.361571553961197,1.60537505247295
"in.V8",0.545639313539695,0.519866452464926,-0.336295521387401,1.28491424304426
