"","nHMM.1","nHMM.2","nHMM.3","nHMM.4"
"in.ctx",0.408311056904495,0.358789814868942,0.00887676049023867,-0.0517460943665355
"in.V1",-0.527550745584932,-0.0064663772660147,0.50521892337864,1.32373694508075
"in.V2",-0.163780517937778,0.305181863893748,1.26090862787718,1.26828540822483
"in.V3",-0.6587461651937,0.132154790950395,0.83011875734742,0.738168088810303
"in.V4",0.0915892623444462,-0.312838938822103,1.7599705302171,0.974147464177293
"in.V5",1.02568257561561,-0.351330498125724,-0.895216857764235,-0.544382986117426
"in.V6",1.02249545317382,-0.331923524285192,-0.88593944276045,-0.444829237934717
"in.V7",1.29728996447378,0.366843151743355,-0.492740340866708,-0.365198455769712
"in.V8",1.29749630263393,-0.0337412117622407,-0.448203330772796,-0.497500383379801
