"","out.1","out.2"
"nHMM.1",-16.6916566677924,31.2486988718966
"nHMM.2",-0.820361646297212,11.2451839935266
"nHMM.3",19.0585630571815,-15.8064929905762
"nHMM.4",18.1794448912693,-10.5421738597986
