"","out.1","out.2"
"nHMM.1",-11.4700800922743,22.784270110415
"nHMM.2",3.13609084031119,4.6155588900781
"nHMM.3",13.1957395181355,-8.46824656548578
"nHMM.4",13.1936344897189,-6.07758630871563
