"","nHMM.1","nHMM.2","nHMM.3","nHMM.4"
"in.ctx",0.408311056904495,0.358789814868942,0.00887676049023867,-0.0517460943665355
"in.V1",0.399217001323484,-0.0486976694234601,-0.918657196013433,-0.485100816963573
"in.V2",0.634685567895906,0.364684644522883,-0.503323349993898,-0.235496375268373
"in.V3",0.272131118294143,0.0515091941657458,-0.885468455458428,-0.735322483555179
"in.V4",0.880912852124625,-0.281545028652425,-0.160995366969767,-0.193793123743371
"in.V5",0.0222400324645853,-0.437219485068986,0.547553528637994,0.758000163952987
"in.V6",0.0498405200176542,-0.407910499502429,0.425141436014511,0.906742401038929
"in.V7",0.244167483925466,0.340327145967837,1.00136062512907,0.757776367521607
"in.V8",0.283305879887088,-0.0773863836337176,1.16106262945326,0.444982868560544
