"","out.1","out.2"
"nHMM.1",-1.68406648038806,5.46335750838496
"nHMM.2",25.0327904210724,-7.78707746817898
"nHMM.3",7.97271571618036,0.756874919925001
"nHMM.4",-15.0415135932198,16.2055643158416
