"","out.1","out.2"
"nHMM.1",-8.51710638763978,8.76654740229028
"nHMM.2",26.9551821213412,-7.85941414619676
"nHMM.3",16.984502649088,-3.99152070750245
"nHMM.4",-24.4930860797663,21.2733941341882
