"","nHMM.1","nHMM.2","nHMM.3","nHMM.4"
"in.ctx",0.195304090622813,-0.13278508069925,-0.0820678286254406,0.156802129000425
"in.V1",1.62864666749642,0.5781053520903,0.716835456720354,0.750918596153004
"in.V2",0.193220773738154,0.836089614293968,0.553286893411397,1.37033901692313
"in.V3",0.141299098582895,0.868750747734824,0.269755160260117,1.33455823224038
"in.V4",0.809575494442654,0.865217994089495,-0.062173815401187,1.0845871468683
"in.V5",-0.731781258988995,0.299450714131918,-0.198850250166839,-0.87974164514842
"in.V6",-0.883366152763996,-0.0780399000414559,0.34279555902993,-0.927027770613334
"in.V7",-0.7099027778917,0.400037482848095,0.0447742983753318,-0.646913900839054
"in.V8",-0.51123549317513,0.289531472272483,0.155080416183244,-0.769524855342556
