"","out.1","out.2"
"nHMM.1",15.0367721612869,-10.1026872464476
"nHMM.2",9.13967488690596,-0.174867124425818
"nHMM.3",-15.2500336187567,29.1732204431364
"nHMM.4",10.9413969830293,-1.90207082459651
