"","nHMM.1","nHMM.2","nHMM.3","nHMM.4"
"in.ctx",0.462491431040689,-0.289417371852323,0.28889693133533,0.109398958273232
"in.V1",-0.738343185993144,-0.602511053623585,0.315464248566436,0.329055308657986
"in.V2",-0.273746953997647,0.00381713831796564,0.464825955826892,-0.484632157442536
"in.V3",-0.5708876838338,-0.223137837583941,0.441558487336537,0.156855560812649
"in.V4",-0.0894328113778038,-0.382333407125825,0.746025219228558,-0.210134260839521
"in.V5",0.322845626466204,0.993548835073473,-0.470455847691581,0.0487072442506153
"in.V6",-0.248608914399486,0.430091088326816,-0.426791922566518,0.931933530927965
"in.V7",0.447075630530707,0.663697535072894,-0.29187497074149,0.35429429252819
"in.V8",0.191542924804126,0.500525728511446,-0.233579819898662,0.694201030535492
