"","out.1","out.2"
"nHMM.1",16.1639924461336,-11.0178157737461
"nHMM.2",0.820752255260767,9.89064612065944
"nHMM.3",-8.68677126768909,19.5557864975831
"nHMM.4",8.86824985875674,0.396828182207203
