"","out.1","out.2"
"nHMM.1",15.3185534049211,-2.01669106335716
"nHMM.2",-10.8417138765974,22.0464733981815
"nHMM.3",7.3626562671923,2.44905648833835
"nHMM.4",18.8948688893121,-7.1968440586784
