"","nHMM.1","nHMM.2","nHMM.3","nHMM.4"
"in.ctx",-0.294840721879154,0.00913674314506352,-0.161701338365674,-0.478334544459358
"in.V1",-0.0651622252230144,-0.731254779769605,-0.604976909573292,0.139602921190687
"in.V2",0.303823957023354,-0.711780357434572,-0.479702162306703,0.619038985506192
"in.V3",0.328676459068792,-0.89759580719515,-0.592859826969504,0.0702134432681819
"in.V4",-0.168564558924187,-0.650439134855865,-0.298703142291117,1.0478590011813
"in.V5",-0.212856588217561,1.09334528310431,-0.579530855784917,-0.739909138437715
"in.V6",-0.459358218028557,0.815528169520004,-0.92026079233158,-1.01789640323897
"in.V7",-0.56487491381961,1.08551111667768,-0.138386044307988,-0.716846451663513
"in.V8",-0.561249505973437,1.28486148107771,-0.520188316704947,-0.534814004068936
