"","nHMM.1","nHMM.2","nHMM.3","nHMM.4"
"in.ctx",-0.294840721879154,0.00913674314506352,-0.161701338365674,-0.478334544459358
"in.V1",-0.323425770867661,0.371297966341035,-0.956799989857087,-0.994920676586178
"in.V2",-0.0342621332520267,0.701834801845608,-0.468305681470205,-0.676634052382161
"in.V3",-0.071548328521319,0.375779768554611,-0.871654302659882,-1.1021837706173
"in.V4",-0.395581231430754,0.69505174230774,-0.355021839755591,-0.508077539226799
"in.V5",0.031763299621702,-0.445309960155554,-0.594800938849279,0.216072419112485
"in.V6",-0.206780260005238,-0.87218322903945,-1.32144438540509,-0.440754625187634
"in.V7",-0.381108764317743,-0.502506027847637,-0.270248139907745,0.252701728281338
"in.V8",-0.397193519203908,-0.311951211404305,-0.515018708691112,0.596993806303774
