"","out.1","out.2"
"nHMM.1",15.7384768395494,1.00900404553786
"nHMM.2",-15.6018016562076,28.7825776261238
"nHMM.3",8.37242966081775,2.51231522759329
"nHMM.4",26.1548498330412,-12.4367154993707
