"","nHMM.1","nHMM.2","nHMM.3","nHMM.4"
"in.ctx",0.300025046337396,-0.0375505641568452,0.183048938168213,0.271857021376491
"in.V1",0.403776333998488,0.966070655712547,-0.561233612759204,-0.0235227766774685
"in.V2",0.388443685647905,0.801605273973386,-0.475215396085226,-0.344249091223092
"in.V3",0.39587047770075,0.747418197393233,-0.504112705407527,-0.442437594836412
"in.V4",0.568467391122739,0.737912229279695,-0.688631128060478,-0.500733773095604
"in.V5",0.324489222637513,-0.351482509373919,0.161188348789596,0.308408631245151
"in.V6",0.609396483488285,-0.514936424898906,0.182619835610848,-0.146561611366709
"in.V7",0.142490766309576,-0.357819695402401,0.294428062878295,0.308409870693943
"in.V8",0.359449072235753,-0.0580479739411547,0.0680295127857091,0.767871268394692
