"","out.1","out.2"
"nHMM.1",9.71368321957267,-1.06750890069728
"nHMM.2",-12.2538394127729,24.2077065963522
"nHMM.3",8.01491385427859,-2.00513824674094
"nHMM.4",14.771375440187,-9.57519179519349
