"","nHMM.1","nHMM.2","nHMM.3","nHMM.4"
"in.ctx",0.300025046337396,-0.0375505641568452,0.183048938168213,0.271857021376491
"in.V1",0.683001927050375,-0.136226466959179,0.0692902471325957,1.20859130971027
"in.V2",0.572328064853168,-0.422862810562021,0.669951316421893,1.08799787900853
"in.V3",0.522753131103768,-0.484394147096659,0.734671332325524,0.967646311628884
"in.V4",0.789477770076673,-0.516855709436405,0.312142013890909,0.858835701791734
"in.V5",-0.0930742777175311,1.2240466787095,-0.711392526339749,-0.690299357578729
"in.V6",0.0190508216355774,0.838845851610477,-0.705427377061698,-0.917175521796554
"in.V7",-0.248558447079161,0.988195912494002,-0.574741388522047,-0.62036677551157
"in.V8",0.190623331835314,1.48371423025982,-0.688446974567297,-0.385257269981747
