"","out.1","out.2"
"nHMM.1",10.0395319689338,-0.0650804736116718
"nHMM.2",-20.7570758296428,31.4124241299078
"nHMM.3",15.4626155511108,-6.61671481136899
"nHMM.4",21.0459790877574,-14.0583425706785
