"","out.1","out.2"
"nHMM.1",-11.3491306739954,19.8222453406642
"nHMM.2",3.61135512922045,4.24268363426605
"nHMM.3",15.9521904218365,-9.34465794751057
"nHMM.4",9.76281027839735,-3.44846205002338
