"","nHMM.1","nHMM.2","nHMM.3","nHMM.4"
"in.ctx",0.240135460626334,-0.189216160448268,-0.368253170978278,-0.13456303672865
"in.V1",-0.695479026602529,0.259762976814917,1.02914557691001,1.21176814871062
"in.V2",-0.364484078974997,-0.0838084114264929,1.07911904419394,0.483161751768976
"in.V3",-0.544504010873819,0.251036112560378,1.93208938347299,0.173898460869692
"in.V4",-0.360526392312651,-0.0405792719282824,1.30506129516869,0.868555624908882
"in.V5",1.34139036743649,0.140820126831506,-0.811433398462576,-0.33367548114753
"in.V6",1.58109991387452,-0.0384602736606782,-0.506861396256777,-0.194267540398633
"in.V7",1.23278519112154,0.360237799691516,-0.654432005064522,-0.139984239748168
"in.V8",1.60587235598994,-0.275383794517536,-0.358584467446803,-0.294332829685309
