"","nHMM.1","nHMM.2","nHMM.3","nHMM.4"
"in.ctx",0.240135460626334,-0.189216160448268,-0.368253170978278,-0.13456303672865
"in.V1",0.660473068058203,0.392031348894745,-0.817754996389908,0.0917897355118579
"in.V2",0.826507728744112,-0.0411915582301046,-0.471458060054104,-0.0480247835034129
"in.V3",0.725551883767189,0.345715479399725,-0.433161297355163,-0.367785570219184
"in.V4",0.877635312915683,0.037925223622744,-0.446831857042979,0.110357618719377
"in.V5",-0.22869426587693,-0.0680964648907458,0.60400276964229,0.564233486471898
"in.V6",0.0518580132341345,-0.155153260126382,0.930407078962933,0.464090697749953
"in.V7",-0.146722072804318,0.189734236152392,0.683365721857271,0.628517867134795
"in.V8",0.158076711140561,-0.365022727717423,1.10505074675679,0.238281149650025
