"","out.1","out.2"
"nHMM.1",-17.8501026072478,28.5085941909156
"nHMM.2",1.07118939529295,8.0677881948174
"nHMM.3",24.0820519580545,-16.8333877856813
"nHMM.4",12.560216904036,-5.31349971117131
